{
   "id":[1,2,3,4,5,6,7,8,9,10,11,12,13,14,15,16,17,18,19,20,21,22,23,24,25,26,27,28,29,30,31,32,33,34,35,36,37,38,39,40,41,42,43,44,45,46,47,48,49,50,51,52,53,54,55,56,57,58,59,60,61,62,63,64,65,66,67,68,69,70,71,72,73,74,75,76,77,78,79,80,81,82,83,84,85,86,87,88,89,90],
   "hightemp":[83,73,74,95,44,69,66,66,80,79,78,65,41,59,50,54,97,75,63,42,70,57,71,46,61,81,64,57,62,83,76,74,59,77,52,67,51,41,90,70,81,72,70,69,59,60,72,70,76,56,66,84,58,56,79,67,75,65,70,64,51,77,60,74,84,61,49,71,70,83,90,92,88,62,86,67,59,89,63,59,74,80,55,62,74,95,65,55,89,80],
   "lowtemp":[50,49,52,61,52,54,39,38,55,45,55,48,49,35,35,32,71,43,35,37,49,48,39,30,35,65,58,36,36,54,44,50,40,52,43,43,19,25,65,30,39,53,63,41,34,32,47,47,72,38,38,69,51,41,47,39,47,30,41,41,39,43,34,55,70,42,43,42,62,60,66,66,54,39,50,43,35,69,46,46,55,33,45,28,33,66,20,43,57,53],
   "avgtemp":[66.5,61,63,78,48,61.5,52.5,52,67.5,62,66.5,56.5,45,47,42.5,43,84,59,49,39.5,59.5,52.5,55,38,48,73,61,46.5,49,68.5,60,62,49.5,64.5,47.5,55,35,33,77.5,50,60,62.5,66.5,55,46.5,46,59.5,58.5,74,47,52,76.5,54.5,48.5,63,53,61,47.5,55.5,52.5,45,60,47,64.5,77,51.5,46,56.5,66,71.5,78,79,71,50.5,68,55,47,79,54.5,52.5,64.5,56.5,50,45,53.5,80.5,42.5,49,73,66.5],
   "spring":[0,0,1,0,1,1,1,1,0,0,0,1,1,0,0,1,0,1,1,0,1,1,1,0,1,0,0,1,1,0,1,1,1,1,1,1,0,0,0,1,1,0,0,0,1,0,1,1,0,1,1,0,1,1,1,1,1,1,1,1,1,1,1,0,0,1,1,0,1,0,0,0,0,1,1,1,0,0,1,0,1,1,1,0,1,0,1,1,0,0],
   "summer":[1,1,0,1,0,0,0,0,1,1,1,0,0,0,0,0,1,0,0,0,0,0,0,0,0,1,1,0,0,1,0,0,0,0,0,0,0,0,1,0,0,1,1,0,0,0,0,0,1,0,0,1,0,0,0,0,0,0,0,0,0,0,0,1,1,0,0,0,0,1,1,1,1,0,0,0,0,1,0,0,0,0,0,0,0,1,0,0,1,1],
   "fall":[0,0,0,0,0,0,0,0,0,0,0,0,0,1,1,0,0,0,0,1,0,0,0,1,0,0,0,0,0,0,0,0,0,0,0,0,1,1,0,0,0,0,0,1,0,1,0,0,0,0,0,0,0,0,0,0,0,0,0,0,0,0,0,0,0,0,0,1,0,0,0,0,0,0,0,0,1,0,0,1,0,0,0,1,0,0,0,0,0,0],
   "cloudcover":[7.599999905,6.300000191,7.5,2.599999905,10,6.599999905,2.400000095,0,3.799999952,4.099999905,8.5,7.199999809,10,7.699999809,5.800000191,3.599999905,6.099999905,6.300000191,8.600000381,10,7.900000095,6.800000191,5.199999809,9.699999809,4.400000095,10,10,6.5,0,1.200000048,1.799999952,8,9.399999619,5,5.800000191,6.699999809,0,0,8.399999619,0,0,7.900000095,9.899999619,6.400000095,2.400000095,1.200000048,4.099999905,9.899999619,9.699999809,0,3.900000095,8.899999619,10,7,7,6.800000191,6.800000191,4.300000191,5.099999905,3.400000095,10,0.400000006,10,4.599999905,9.899999619,6.400000095,9.699999809,4,3,8.199999809,6.599999905,7.900000095,6.199999809,0.800000012,6.199999809,0.400000006,1.700000048,9,6.900000095,10,7.800000191,0.699999988,9.600000381,5.699999809,2.5,4.099999905,9.399999619,9,1.899999976,3.799999952],
   "precip":[0,0.289999992,0.319999993,0,0.140000001,0.02,0,0,0,0,0,0,0.029999999,0,0,0,0.680000007,0,0,0.150000006,0,0,0,0.200000003,0,1.440000057,1.149999976,0.01,0,0,0,0.119999997,0.340000004,0,0.01,0,0,0,0,0,0,0,0,0,0,0,0,0,0.349999994,0,0,0.01,0.150000006,0,0.01,0.02,0,0,0,0,0.159999996,0,0,0,1.49000001,0.01,0.119999997,0,0,0.140000001,0,0,0,0,0,0,0,0.360000014,0.170000002,0,0,0,0.200000003,0.02,0,0,0.219999999,0,0,0],
   "volume":[501,419,397,385,200,375,417,629,533,547,432,418,193,331,280,304,352,156,365,181,514,259,452,189,362,256,155,174,259,535,650,409,311,736,186,371,291,287,411,461,540,376,554,339,344,348,517,328,298,335,186,505,156,362,507,407,421,393,422,349,150,429,293,461,388,322,129,415,460,405,453,395,531,236,484,445,252,286,400,261,339,617,316,367,635,449,314,264,356,564],
   "weekday":[true,true,true,false,true,true,true,false,false,true,true,true,true,true,true,true,false,true,true,true,false,true,true,true,true,true,true,true,true,false,false,true,true,false,true,true,false,true,true,false,true,true,true,true,true,false,true,true,true,true,true,true,true,true,false,false,true,true,true,true,true,true,true,true,true,true,false,false,true,true,true,true,true,true,true,true,true,false,false,false,false,false,false,false,false,false,false,false,false,false],
   "dayType":["weekday","weekday","weekday","weekend","weekday","weekday","weekday","weekend","weekend","weekday","weekday","weekday","weekday","weekday","weekday","weekday","weekend","weekday","weekday","weekday","weekend","weekday","weekday","weekday","weekday","weekday","weekday","weekday","weekday","weekend","weekend","weekday","weekday","weekend","weekday","weekday","weekend","weekday","weekday","weekend","weekday","weekday","weekday","weekday","weekday","weekend","weekday","weekday","weekday","weekday","weekday","weekday","weekday","weekday","weekend","weekend","weekday","weekday","weekday","weekday","weekday","weekday","weekday","weekday","weekday","weekday","weekend","weekend","weekday","weekday","weekday","weekday","weekday","weekday","weekday","weekday","weekday","weekend","weekend","weekend","weekend","weekend","weekend","weekend","weekend","weekend","weekend","weekend","weekend","weekend"]
}